layer,cos,shift_norm,shift_norm_over_median_norm,proj_on_dir,proj_se,gap_test,gap_all,frac_gap_closed_test,frac_gap_closed_all,cos_ft_minus_base_vs_bella_minus_base,random_dir_abs_cos_p95,is_global_attention
0,0.3151264786720276,0.3466510772705078,0.006744129117578268,0.10923893749713898,0.0007859499310143292,4.159045219421387,4.236551761627197,0.026265388264361426,0.025784870253817437,0.31952595710754395,0.03508163768696187,False
1,0.3154573440551758,0.4968513250350952,0.004999667871743441,0.1567354053258896,0.0017247953219339252,2.4379608631134033,2.4943623542785645,0.06428954939240915,0.06283586065875406,0.331365168094635,0.03917152268439445,False
2,0.3161413073539734,0.5701425671577454,0.005095781292766333,0.18024560809135437,0.00204704818315804,5.300696849822998,5.423640727996826,0.034004134399305094,0.033233323726796056,0.3277043104171753,0.034984186396558224,False
3,0.2982681393623352,0.6013256907463074,0.0052359080873429775,0.17935629189014435,0.0021611356642097235,8.094988822937012,8.277257919311523,0.022156459485396865,0.02166856386964714,0.3036881983280182,0.03500547704429877,False
4,0.5182924270629883,0.6734601855278015,0.005985552910715342,0.34904932975769043,0.004297770094126463,11.114323616027832,11.131237983703613,0.03140535958970374,0.03135763787178988,0.5223715901374817,0.036578222807643265,False
5,0.5297572612762451,0.6013907790184021,0.004941275808960199,0.3185911178588867,0.003707848722115159,9.358144760131836,9.440140724182129,0.03404426048378402,0.03374855599798155,0.5324082374572754,0.030517953759273096,True
6,0.5716960430145264,0.565321683883667,0.004371895920485258,0.32319217920303345,0.003843815065920353,8.840473175048828,8.815533638000488,0.0365582444291788,0.036661669329905576,0.5738118290901184,0.023267679362424562,False
7,0.5398114919662476,0.6069971919059753,0.005086546763777733,0.3276640772819519,0.004222627729177475,10.403948783874512,10.38213062286377,0.03149420321924415,0.03156038863163236,0.5442184805870056,0.0432489910952883,False
8,0.5123010277748108,0.4026545584201813,0.0057955551892519,0.20628035068511963,0.0026599981356412172,9.266724586486816,9.394404411315918,0.022260330363754154,0.021957789089497477,0.5200591683387756,0.038938645052129406,False
9,0.5069038271903992,0.5756829380989075,0.006223395001143217,0.2918158769607544,0.002670706482604146,11.643058776855469,12.022600173950195,0.025063506296200917,0.0242722766072719,0.5144924521446228,0.03303073723751436,False
10,0.4601501226425171,0.8844479918479919,0.007202122360467911,0.4069788455963135,0.003570142202079296,15.4378662109375,15.953200340270996,0.026362376771213045,0.025510796386664078,0.468802273273468,0.02256073747318301,False
11,0.3974182605743408,1.0479167699813843,0.007030299864709377,0.4164612591266632,0.004116098862141371,14.267984390258789,14.656072616577148,0.029188513789725947,0.02841561105910552,0.40640389919281006,0.028748247725840125,True
12,0.39655280113220215,1.1619161367416382,0.006614073179662228,0.46076110005378723,0.005132070276886225,14.718679428100586,15.065316200256348,0.0313045135811649,0.030584230289567173,0.4052874743938446,0.035343184641354546,False
13,0.388783723115921,1.4675449132919312,0.008658915758132935,0.5705575942993164,0.007923007011413574,14.531843185424805,14.695565223693848,0.03926257578058481,0.03882515477386328,0.3928307592868805,0.03309068737931778,False
14,0.37673071026802063,2.503284215927124,0.01648695580661297,0.9430640339851379,0.01406659185886383,14.451501846313477,14.373421669006348,0.06525716455038962,0.06561165849734187,0.37795889377593994,0.02272945523083292,False
15,0.46071329712867737,2.4151060581207275,0.017160285264253616,1.1126714944839478,0.015763964504003525,13.220841407775879,12.99049186706543,0.0841604146185073,0.08565276094778863,0.46252259612083435,0.041761618175851827,False
16,0.4773205816745758,4.139358043670654,0.032193928956985474,1.9758007526397705,0.026677610352635384,16.285186767578125,16.061979293823242,0.12132502874166327,0.12301103845897622,0.4789714813232422,0.026836580423910752,False
17,0.46379950642585754,3.6449062824249268,0.03699649125337601,1.6905057430267334,0.020290015265345573,13.811454772949219,13.782913208007812,0.12239881828652237,0.12265228094482644,0.4665936231613159,0.032102448459039826,True
18,0.4282248318195343,6.5869245529174805,0.07223668694496155,2.8206846714019775,0.0317511148750782,16.004718780517578,15.85435676574707,0.1762408143550498,0.17791227440371432,0.4337502717971802,0.030378240995797827,False
19,0.40796956419944763,5.835171222686768,0.07158365845680237,2.3805723190307617,0.025899037718772888,15.730294227600098,15.852907180786133,0.15133679539533668,0.150166293909551,0.4126857817173004,0.028997559535978306,False
20,0.4682321548461914,6.335257053375244,0.06983687728643417,2.9663710594177246,0.037480153143405914,16.358741760253906,16.456106185913086,0.18133247060754892,0.18025959640179193,0.4740770161151886,0.04100268811304042,False
21,0.43266406655311584,7.522521018981934,0.0836213082075119,3.2547245025634766,0.053761232644319534,18.361669540405273,18.488170623779297,0.17725645782925026,0.17604362101555268,0.43424251675605774,0.028975523832308107,False
22,0.43957510590553284,4.601417064666748,0.08541791141033173,2.0226683616638184,0.03652903065085411,11.896932601928711,12.107318878173828,0.17001595531741576,0.1670616246269134,0.44263800978660583,0.03543934998549112,False
23,0.5740457773208618,13.76945686340332,0.13060061633586884,7.904298782348633,0.14292804896831512,25.559946060180664,25.32122230529785,0.30924551889655916,0.31216102789377786,0.5794506669044495,0.027940002688292193,True
24,0.6290537118911743,12.264077186584473,0.09757085144519806,7.714763641357422,0.13045914471149445,25.366857528686523,25.18201446533203,0.3041276844257534,0.30636006710179214,0.6345919370651245,0.04873673594920057,False
25,0.5878738164901733,10.583477973937988,0.07684241980314255,6.221749782562256,0.10188628733158112,24.386308670043945,24.253877639770508,0.2551329053832994,0.2565259821530594,0.5950595736503601,0.03263400475575674,False
26,0.598054826259613,9.436841011047363,0.06601957976818085,5.6437482833862305,0.09189026802778244,22.6580867767334,22.48719024658203,0.24908317895496584,0.25097614337318375,0.6045277714729309,0.03569377882676277,False
27,0.5924885869026184,8.706136703491211,0.06109469383955002,5.1582865715026855,0.0815461203455925,20.545452117919922,20.42595672607422,0.25106707518028204,0.25253586114367954,0.5988379716873169,0.03787483285367109,False
28,0.5548051595687866,9.268226623535156,0.06479287147521973,5.142059803009033,0.08226323872804642,19.943702697753906,19.801252365112305,0.2578287432848736,0.25968356486728056,0.5607864856719971,0.03352188091474646,False
29,0.7268368005752563,14.575052261352539,0.10202768445014954,10.593684196472168,0.16604895889759064,24.618234634399414,24.372529983520508,0.4303185973241745,0.4346567304926936,0.7292729616165161,0.032477272507810885,True
30,0.7322516441345215,14.09213638305664,0.08376674354076385,10.318989753723145,0.1625244915485382,26.823572158813477,26.780414581298828,0.38469856634410315,0.38531852157841695,0.7348705530166626,0.02944144026371681,False
31,0.7638432383537292,13.616442680358887,0.07193935662508011,10.400827407836914,0.16505524516105652,27.303918838500977,27.32948875427246,0.38092800778365976,0.3805716053217767,0.7662068009376526,0.0366359632736739,False
32,0.7775483131408691,13.07727336883545,0.06410693377256393,10.168211936950684,0.1601976454257965,26.302757263183594,26.218616485595703,0.38658349903047234,0.3878241227006397,0.7796404361724854,0.04590521865536314,False
33,0.7500056028366089,12.486257553100586,0.05939561501145363,9.364763259887695,0.14403556287288666,24.936681747436523,24.86652946472168,0.3755416761033327,0.37660113660708266,0.7528221011161804,0.02902484392823001,False
34,0.7052268385887146,11.753118515014648,0.054228123277425766,8.288614273071289,0.1370767056941986,23.86922836303711,23.831375122070312,0.3472510358108891,0.3478026018479805,0.7088721990585327,0.02686861499876509,False
35,0.6839385032653809,12.449694633483887,0.05601602420210838,8.514825820922852,0.14460046589374542,24.455053329467773,24.53158187866211,0.3481826723584644,0.3470964841582091,0.6868559718132019,0.027010240431596434,True
36,0.6090841889381409,12.899771690368652,0.05847281962633133,7.857047080993652,0.1381312608718872,22.831544876098633,22.892778396606445,0.34413120634770794,0.34321072544686654,0.6135178208351135,0.06008868886260551,False
37,0.6021171808242798,12.066360473632812,0.056867778301239014,7.2653632164001465,0.12759244441986084,21.561017990112305,21.616716384887695,0.33696754113057087,0.33609929866496197,0.605915367603302,0.038103991129417245,False
38,0.6032768487930298,11.079829216003418,0.05645134672522545,6.684204578399658,0.11786122620105743,20.297252655029297,20.331581115722656,0.3293157301632855,0.3287597034561509,0.6066405177116394,0.035272047185341,False
39,0.5659968852996826,9.842704772949219,0.05719093978404999,5.570940017700195,0.09906981140375137,18.534626007080078,18.521318435668945,0.3005693244402202,0.3007852835666116,0.5685800313949585,0.03328050097128512,False
40,0.4629107713699341,10.000829696655273,0.0723586156964302,4.629491806030273,0.07706109434366226,16.13726043701172,16.046911239624023,0.2868821398836863,0.28849737727712027,0.46308794617652893,0.03174512908140837,False
41,0.4941912293434143,8.366205215454102,0.1406075805425644,4.134505271911621,0.09357471019029617,11.519153594970703,11.289098739624023,0.3589243982055034,0.3662387376770626,0.46944135427474976,0.04178213329392866,True
